{"assets/Sign%20In.png":["assets/Sign%20In.png"],"assets/american_flag.png":["assets/american_flag.png"],"assets/app_bar.png":["assets/app_bar.png"],"assets/arrow_up_down.png":["assets/arrow_up_down.png"],"assets/download.png":["assets/download.png"],"assets/images/card_1.jpg":["assets/images/card_1.jpg"],"assets/images/card_2.jpg":["assets/images/card_2.jpg"],"assets/images/card_3.jpg":["assets/images/card_3.jpg"],"assets/images/card_4.jpg":["assets/images/card_4.jpg"],"assets/images/detail_card_1.jpg":["assets/images/detail_card_1.jpg"],"assets/images/detail_card_2.jpg":["assets/images/detail_card_2.jpg"],"assets/images/detail_card_3.jpg":["assets/images/detail_card_3.jpg"],"assets/images/detail_card_4.jpg":["assets/images/detail_card_4.jpg"],"assets/images/virtual_card_1.jpg":["assets/images/virtual_card_1.jpg"],"assets/mobile_message_notification.png":["assets/mobile_message_notification.png"],"packages/cupertino_icons/assets/CupertinoIcons.ttf":["packages/cupertino_icons/assets/CupertinoIcons.ttf"]}